items,image-src
Old School RuneScape Gold,https://assetsdelivery.eldorado.gg/v7/_assets_/icons/v11/osrs.png?w=28&h=28&q=40
World of Warcraft Gold,https://assetsdelivery.eldorado.gg/v7/_assets_/icons/v11/world-of-warcraft.png?w=28&h=28&q=40
WoW WotLK Gold,https://assetsdelivery.eldorado.gg/v7/_assets_/icons/v11/world-of-warcraft-wotlk.png?w=28&h=28&q=40
Lost Ark Gold,https://assetsdelivery.eldorado.gg/v7/_assets_/icons/v11/lost-ark.png?w=28&h=28&q=40
New World Coins,https://assetsdelivery.eldorado.gg/v7/_assets_/icons/v11/new-world.png?w=28&h=28&q=40
Path of Exile Currency,https://assetsdelivery.eldorado.gg/v7/_assets_/icons/v11/path-of-exile.png?w=28&h=28&q=40
RuneScape 3 Gold,https://assetsdelivery.eldorado.gg/v7/_assets_/icons/v11/runescape-3.png?w=28&h=28&q=40
Roblox Robux,https://assetsdelivery.eldorado.gg/v7/_assets_/icons/v11/roblox.png?w=28&h=28&q=40
Minecraft Hypixel Coins,https://assetsdelivery.eldorado.gg/v7/_assets_/icons/v11/minecraft.png?w=28&h=28&q=40
FIFA Coins,https://assetsdelivery.eldorado.gg/v7/_assets_/icons/v11/fifa.png?w=28&h=28&q=40
Elder Scrolls Online Gold,https://assetsdelivery.eldorado.gg/v7/_assets_/icons/v11/elder-scrolls-online.png?w=28&h=28&q=40
Grand Theft Auto 5 Money,https://assetsdelivery.eldorado.gg/v7/_assets_/icons/v11/gta-5.png?w=28&h=28&q=40
8 Ball Pool Coins,
Albion Online Silver,
Black Desert Online Silver,
Dofus Kamas,
Elden Ring Runes,
Elder Scrolls Online Gold,
Elite: Dangerous Credits,
Escape From Tarkov Roubles,
EVE Echoes ISK,
EVE Online ISK,
Fallout 76 Caps,
FIFA Coins,
Final Fantasy XI Gil,
Final Fantasy XIV Gil,
Forza Horizon 5 Credits,
Grand Theft Auto 5 Money,
Guild Wars 2 Gold,
Lost Ark Gold,
MapleStory Mesos,
Minecraft Hypixel Coins,
New World Coins,
Old School RuneScape Gold,
OSRS FSW Gold,
Path of Exile Currency,
Roblox Robux,
Rocket League Credits,
RuneScape 3 Gold,
Runescape FSW Gold,
SWTOR Credits,
Temtem Pansun,
Trove Flux,
Undecember Rubies,
Warframe Platinum,
World of Warcraft Gold,
WoW Classic SoM Gold,
WoW WotLK Gold,
